{
  "accuracy": 0.9849,
  "error_rate": 0.015100000000000002,
  "macro_recall": 0.9847583441437816,
  "macro_precision": 0.9850301943020074
}